{"expires_at": 1776667394.6955733, "value": [{"team_id": "3", "team": "ATL", "season": 2026, "games": 82, "wins": 46, "losses": 36, "pts": 47.9780487804878, "reb": 17.63170731707317, "ast": 12.204878048780488, "fga": 37.24512195121951, "fgm": 17.657317073170734, "fg3a": 15.987804878048781, "fg3m": 5.931707317073171, "stl": 3.792682926829268, "blk": 1.896341463414634, "poss": 40.97926829268293, "opp_pts": 47.0, "opp_reb": 18.32439024390244, "opp_ast": 10.791463414634146, "opp_fg3m": 5.215853658536585, "opp_fgm": 17.153658536585365, "opp_fga": 36.22317073170732, "opp_stl": 3.432926829268293, "opp_blk": 1.9853658536585368, "opp_tov": 6.134146341463414}, {"team_id": "8", "team": "BKN", "season": 2026, "games": 82, "wins": 20, "losses": 62, "pts": 42.900000000000006, "reb": 15.928048780487805, "ast": 10.12439024390244, "fga": 34.23780487804878, "fgm": 15.168292682926829, "fg3a": 15.563414634146342, "fg3m": 5.300000000000001, "stl": 3.225609756097561, "blk": 1.729268292682927, "poss": 39.104878048780485, "opp_pts": 46.94512195121951, "opp_reb": 17.647560975609753, "opp_ast": 11.132926829268293, "opp_fg3m": 5.0719512195121945, "opp_fgm": 17.07439024390244, "opp_fga": 34.32073170731707, "opp_stl": 3.704878048780488, "opp_blk": 2.153658536585366, "opp_tov": 5.476829268292684}, {"team_id": "9", "team": "BOS", "season": 2026, "games": 82, "wins": 56, "losses": 26, "pts": 46.515853658536585, "reb": 18.773170731707317, "ast": 9.981707317073171, "fga": 36.5390243902439, "fgm": 17.069512195121952, "fg3a": 17.069512195121952, "fg3m": 6.262195121951219, "stl": 2.8890243902439026, "blk": 2.024390243902439, "poss": 38.21829268292683, "opp_pts": 43.39878048780488, "opp_reb": 16.6890243902439, "opp_ast": 10.020731707317074, "opp_fg3m": 5.674390243902439, "opp_fgm": 15.532926829268293, "opp_fga": 35.141463414634146, "opp_stl": 2.4939024390243905, "opp_blk": 1.6743902439024392, "opp_tov": 4.8012195121951216}, {"team_id": "2", "team": "CHA", "season": 2026, "games": 82, "wins": 44, "losses": 38, "pts": 46.985365853658536, "reb": 18.659756097560976, "ast": 10.668292682926829, "fga": 36.015853658536585, "fgm": 16.580487804878047, "fg3a": 17.528048780487804, "fg3m": 6.632926829268293, "stl": 2.8499999999999996, "blk": 1.8219512195121952, "poss": 39.05609756097561, "opp_pts": 45.02926829268293, "opp_reb": 15.908536585365853, "opp_ast": 10.5, "opp_fg3m": 5.191463414634146, "opp_fgm": 16.614634146341466, "opp_fga": 35.59512195121951, "opp_stl": 3.319512195121951, "opp_blk": 1.7975609756097561, "opp_tov": 4.934146341463415}, {"team_id": "11", "team": "CHI", "season": 2026, "games": 82, "wins": 31, "losses": 51, "pts": 47.103658536585364, "reb": 18.24512195121951, "ast": 11.532926829268293, "fga": 36.63292682926829, "fgm": 17.16829268292683, "fg3a": 16.234146341463415, "fg3m": 5.773170731707316, "stl": 3.096341463414634, "blk": 2.024390243902439, "poss": 41.41951219512195, "opp_pts": 49.21219512195122, "opp_reb": 18.515853658536585, "opp_ast": 11.646341463414634, "opp_fg3m": 5.695121951219512, "opp_fgm": 18.15609756097561, "opp_fga": 37.96585365853658, "opp_stl": 3.6890243902439024, "opp_blk": 2.2573170731707317, "opp_tov": 5.003658536585366}, {"team_id": "12", "team": "CLE", "season": 2026, "games": 82, "wins": 52, "losses": 30, "pts": 48.40731707317073, "reb": 17.992682926829268, "ast": 11.463414634146341, "fga": 36.45487804878049, "fgm": 17.553658536585367, "fg3a": 16.10609756097561, "fg3m": 5.79390243902439, "stl": 3.4426829268292685, "blk": 2.0195121951219512, "poss": 40.291463414634144, "opp_pts": 46.74268292682927, "opp_reb": 17.479268292682928, "opp_ast": 10.904878048780489, "opp_fg3m": 5.7439024390243905, "opp_fgm": 16.728048780487807, "opp_fga": 36.06951219512195, "opp_stl": 3.496341463414634, "opp_blk": 1.748780487804878, "opp_tov": 5.729268292682927}, {"team_id": "25", "team": "DAL", "season": 2026, "games": 82, "wins": 26, "losses": 56, "pts": 46.21951219512195, "reb": 18.10609756097561, "ast": 10.234146341463415, "fga": 36.380487804878044, "fgm": 16.951219512195124, "fg3a": 12.915853658536584, "fg3m": 4.440243902439025, "stl": 3.0573170731707315, "blk": 2.0890243902439027, "poss": 41.31585365853659, "opp_pts": 48.451219512195124, "opp_reb": 18.941463414634146, "opp_ast": 11.482926829268292, "opp_fg3m": 5.185365853658537, "opp_fgm": 18.15609756097561, "opp_fga": 38.00609756097561, "opp_stl": 3.5609756097560976, "opp_blk": 2.1341463414634148, "opp_tov": 5.121951219512195}, {"team_id": "20", "team": "DEN", "season": 2026, "games": 82, "wins": 54, "losses": 28, "pts": 49.4390243902439, "reb": 17.809756097560978, "ast": 11.730487804878049, "fga": 35.541463414634144, "fgm": 17.63170731707317, "fg3a": 14.491463414634145, "fg3m": 5.734146341463415, "stl": 2.7658536585365856, "blk": 1.6097560975609757, "poss": 40.082926829268295, "opp_pts": 47.354878048780485, "opp_reb": 17.346341463414635, "opp_ast": 11.132926829268293, "opp_fg3m": 5.5268292682926825, "opp_fgm": 17.30121951219512, "opp_fga": 36.94878048780488, "opp_stl": 3.1707317073170733, "opp_blk": 1.876829268292683, "opp_tov": 4.54390243902439}, {"team_id": "14", "team": "DET", "season": 2026, "games": 82, "wins": 60, "losses": 22, "pts": 47.69634146341463, "reb": 18.452439024390245, "ast": 11.265853658536585, "fga": 36.25243902439024, "fgm": 17.582926829268292, "fg3a": 12.515853658536585, "fg3m": 4.454878048780488, "stl": 4.228048780487804, "blk": 2.5829268292682928, "poss": 40.079268292682926, "opp_pts": 44.391463414634146, "opp_reb": 16.417073170731708, "opp_ast": 9.507317073170732, "opp_fg3m": 5.136585365853659, "opp_fgm": 15.291463414634148, "opp_fga": 34.51341463414634, "opp_stl": 3.590243902439024, "opp_blk": 2.3512195121951223, "opp_tov": 6.480487804878049}, {"team_id": "26", "team": "GS", "season": 2026, "games": 82, "wins": 37, "losses": 45, "pts": 46.417073170731705, "reb": 17.148780487804878, "ast": 11.7, "fga": 35.956097560975614, "fgm": 16.580487804878047, "fg3a": 17.859756097560975, "fg3m": 6.351219512195121, "stl": 3.9317073170731707, "blk": 1.7085365853658536, "poss": 40.09756097560975, "opp_pts": 46.643902439024394, "opp_reb": 17.91829268292683, "opp_ast": 10.964634146341464, "opp_fg3m": 5.235365853658537, "opp_fgm": 17.158536585365855, "opp_fga": 35.75853658536585, "opp_stl": 3.565853658536585, "opp_blk": 1.6890243902439024, "opp_tov": 6.189024390243903}, {"team_id": "22", "team": "HOU", "season": 2026, "games": 82, "wins": 52, "losses": 30, "pts": 46.66829268292683, "reb": 19.4890243902439, "ast": 10.287804878048782, "fga": 36.356097560975606, "fgm": 17.4, "fg3a": 12.74268292682927, "fg3m": 4.642682926829268, "stl": 3.4621951219512193, "blk": 2.3365853658536584, "poss": 39.03292682926829, "opp_pts": 44.55487804878049, "opp_reb": 15.987804878048781, "opp_ast": 9.932926829268293, "opp_fg3m": 5.008536585365854, "opp_fgm": 16.397560975609753, "opp_fga": 35.645121951219515, "opp_stl": 3.645121951219512, "opp_blk": 1.90609756097561, "opp_tov": 5.185365853658537}, {"team_id": "13", "team": "IND", "season": 2026, "games": 82, "wins": 19, "losses": 63, "pts": 45.53292682926829, "reb": 16.985365853658536, "ast": 11.206097560975609, "fga": 36.074390243902435, "fgm": 16.52560975609756, "fg3a": 15.231707317073171, "fg3m": 5.418292682926829, "stl": 2.9878048780487805, "blk": 1.8475609756097562, "poss": 40.78536585365854, "opp_pts": 48.76829268292683, "opp_reb": 18.896341463414632, "opp_ast": 10.707317073170731, "opp_fg3m": 4.904878048780487, "opp_fgm": 17.929268292682927, "opp_fga": 36.667073170731705, "opp_stl": 3.298780487804878, "opp_blk": 1.9268292682926829, "opp_tov": 5.180487804878049}, {"team_id": "28", "team": "LAC", "season": 2026, "games": 82, "wins": 42, "losses": 40, "pts": 46.075609756097556, "reb": 16.441463414634146, "ast": 9.615853658536585, "fga": 33.86707317073171, "fgm": 16.407317073170734, "fg3a": 13.691463414634146, "fg3m": 5.032926829268293, "stl": 3.645121951219512, "blk": 1.975609756097561, "poss": 38.9780487804878, "opp_pts": 45.6219512195122, "opp_reb": 17.158536585365855,